timestamp,query_id,query,tool_name,mode,decision,cache_hits,returned_entries,top_entry_id,match_score,match_strength,freshness_required,evergreen_topic,should_flag_for_intake,latency_ms,novelty_score,aligned_domains,intake_delta_reasoning,duplicate_entry_ids,notes
2025-12-13T06:56:55.025057+00:00,4a11146142b44863b1e62f319ab802b8,test query,WebSearch,cache_first,augment,1,1,,0.85,strong,False,False,False,0,0.15,,novelty_score=0.15; total_matches=1; intake_flag=off,,
2025-12-13T06:56:55.055007+00:00,25465d62d34f41c09b243e36ae2c100b,test query,WebSearch,cache_first,augment,1,1,,0.6,partial,False,False,True,0,0.45,,novelty_score=0.45; total_matches=1; intake_flag=on,,
2025-12-13T06:58:05.386133+00:00,1284f22ef30244fca916abd9c45009bc,test query,WebSearch,cache_first,augment,1,1,,0.85,strong,False,False,False,0,0.15,,novelty_score=0.15; total_matches=1; intake_flag=off,,
2025-12-13T07:01:10.865459+00:00,db8eba3cc2ab40139db71772f0dc1711,test query,WebSearch,cache_first,augment,1,1,,0.85,strong,False,False,False,0,0.15,,novelty_score=0.15; total_matches=1; intake_flag=off,,
2025-12-13T07:02:15.138110+00:00,d45b69856a9f4652a915277caf1472ba,test query,WebSearch,cache_first,augment,1,1,,0.85,strong,False,False,False,0,0.15,,novelty_score=0.15; total_matches=1; intake_flag=off,,
2026-03-25T15:38:20.963351+00:00,f4e4a0b43e1e4a55823dff8e6731e140,best README examples plugin marketplace ecosystem 2025 2026 github,WebSearch,cache_first,proceed,0,0,,,,True,False,True,0,1.0,,novelty_score=1.00; total_matches=0; intake_flag=on,,
2026-03-25T15:38:21.362442+00:00,faac3bedc1f14fdea49a52f82c912873,awesome README examples developer tools CLI plugins github stars 2025,WebSearch,cache_first,proceed,0,0,,,,True,False,True,0,1.0,,novelty_score=1.00; total_matches=0; intake_flag=on,,
2026-03-25T15:38:34.884288+00:00,69a2675a441343b8802a55479ff79e0c,homebrew brew github README example plugin ecosystem structure 2025,WebSearch,cache_first,proceed,0,0,,,,True,False,True,0,1.0,,novelty_score=1.00; total_matches=0; intake_flag=on,,
2026-03-25T15:51:45.726069+00:00,8922596059ea4eeba6b6c710c4cfdb01,best Python project README examples 2025 2026 high stars github,WebSearch,cache_first,proceed,0,0,,,,True,False,True,0,1.0,,novelty_score=1.00; total_matches=0; intake_flag=on,,
